title,price,availability,rating,category
A Light in the Attic,0.0,In stock,3,Poetry
Tipping the Velvet,0.0,In stock,1,Historical Fiction
Soumission,0.0,In stock,1,Fiction
Sharp Objects,0.0,In stock,4,Mystery
Sapiens: A Brief History of Humankind,0.0,In stock,5,History
The Requiem Red,0.0,In stock,1,Young Adult
The Dirty Little Secrets of Getting Your Dream Job,0.0,In stock,4,Business
"The Coming Woman: A Novel Based on the Life of the Infamous Feminist, Victoria Woodhull",0.0,In stock,3,Default
The Boys in the Boat: Nine Americans and Their Epic Quest for Gold at the 1936 Berlin Olympics,0.0,In stock,4,Default
The Black Maria,0.0,In stock,1,Poetry
"Starving Hearts (Triangular Trade Trilogy, #1)",0.0,In stock,2,Default
Shakespeare's Sonnets,0.0,In stock,4,Poetry
Set Me Free,0.0,In stock,5,Young Adult
Scott Pilgrim's Precious Little Life (Scott Pilgrim #1),0.0,In stock,5,Sequential Art
Rip it Up and Start Again,0.0,In stock,5,Music
"Our Band Could Be Your Life: Scenes from the American Indie Underground, 1981-1991",0.0,In stock,3,Music
Olio,0.0,In stock,1,Poetry
Mesaerion: The Best Science Fiction Stories 1800-1849,0.0,In stock,1,Science Fiction
Libertarianism for Beginners,0.0,In stock,2,Politics
It's Only the Himalayas,0.0,In stock,2,Travel
In Her Wake,0.0,In stock,1,Thriller
How Music Works,0.0,In stock,2,Music
"Foolproof Preserving: A Guide to Small Batch Jams, Jellies, Pickles, Condiments, and More: A Foolproof Guide to Making Small Batch Jams, Jellies, Pickles, Condiments, and More",0.0,In stock,3,Food and Drink
Chase Me (Paris Nights #2),0.0,In stock,5,Romance
Black Dust,0.0,In stock,5,Romance
Birdsong: A Story in Pictures,0.0,In stock,3,Childrens
America's Cradle of Quarterbacks: Western Pennsylvania's Football Factory from Johnny Unitas to Joe Montana,0.0,In stock,3,Default
Aladdin and His Wonderful Lamp,0.0,In stock,3,Default
Worlds Elsewhere: Journeys Around Shakespeareâs Globe,0.0,In stock,5,Nonfiction
Wall and Piece,0.0,In stock,4,Art
The Four Agreements: A Practical Guide to Personal Freedom,0.0,In stock,5,Spirituality
The Five Love Languages: How to Express Heartfelt Commitment to Your Mate,0.0,In stock,3,Nonfiction
The Elephant Tree,0.0,In stock,5,Thriller
The Bear and the Piano,0.0,In stock,1,Childrens
Sophie's World,0.0,In stock,5,Philosophy
Penny Maybe,0.0,In stock,3,Default
Maude (1883-1993):She Grew Up with the country,0.0,In stock,2,Default
"In a Dark, Dark Wood",0.0,In stock,1,Mystery
Behind Closed Doors,0.0,In stock,4,Thriller
You can't bury them all: Poems,0.0,In stock,2,Poetry
Slow States of Collapse: Poems,0.0,In stock,3,Poetry
Reasons to Stay Alive,0.0,In stock,2,Nonfiction
Private Paris (Private #10),0.0,In stock,5,Fiction
#HigherSelfie: Wake Up Your Life. Free Your Soul. Find Your Tribe.,0.0,In stock,5,Nonfiction
Without Borders (Wanderlove #1),0.0,In stock,2,New Adult
When We Collided,0.0,In stock,1,Contemporary
"We Love You, Charlie Freeman",0.0,In stock,5,Fiction
Untitled Collection: Sabbath Poems 2014,0.0,In stock,4,Poetry
"Unseen City: The Majesty of Pigeons, the Discreet Charm of Snails & Other Wonders of the Urban Wilderness",0.0,In stock,4,Nonfiction
Unicorn Tracks,0.0,In stock,3,Fantasy
"Unbound: How Eight Technologies Made Us Human, Transformed Society, and Brought Our World to the Brink",0.0,In stock,1,History
Tsubasa: WoRLD CHRoNiCLE 2 (Tsubasa WoRLD CHRoNiCLE #2),0.0,In stock,1,Sequential Art
Throwing Rocks at the Google Bus: How Growth Became the Enemy of Prosperity,0.0,In stock,3,Nonfiction
This One Summer,0.0,In stock,4,Sequential Art
Thirst,0.0,In stock,5,Fiction
The Torch Is Passed: A Harding Family Story,0.0,In stock,1,Add a comment
The Secret of Dreadwillow Carse,0.0,In stock,1,Childrens
"The Pioneer Woman Cooks: Dinnertime: Comfort Classics, Freezer Food, 16-Minute Meals, and Other Delicious Ways to Solve Supper!",0.0,In stock,1,Food and Drink
The Past Never Ends,0.0,In stock,4,Mystery
The Natural History of Us (The Fine Art of Pretending #2),0.0,In stock,3,Young Adult
The Nameless City (The Nameless City #1),0.0,In stock,4,Sequential Art
The Murder That Never Was (Forensic Instincts #5),0.0,In stock,3,Fiction
The Most Perfect Thing: Inside (and Outside) a Bird's Egg,0.0,In stock,4,Science
"The Mindfulness and Acceptance Workbook for Anxiety: A Guide to Breaking Free from Anxiety, Phobias, and Worry Using Acceptance and Commitment Therapy",0.0,In stock,4,Add a comment
The Life-Changing Magic of Tidying Up: The Japanese Art of Decluttering and Organizing,0.0,In stock,3,Nonfiction
"The Inefficiency Assassin: Time Management Tactics for Working Smarter, Not Longer",0.0,In stock,5,Default
The Gutsy Girl: Escapades for Your Life of Epic Adventure,0.0,In stock,1,Nonfiction
The Electric Pencil: Drawings from Inside State Hospital No. 3,0.0,In stock,1,Nonfiction
The Death of Humanity: and the Case for Life,0.0,In stock,4,Philosophy
"The Bulletproof Diet: Lose up to a Pound a Day, Reclaim Energy and Focus, Upgrade Your Life",0.0,In stock,3,Health
The Art Forger,0.0,In stock,3,Add a comment
The Age of Genius: The Seventeenth Century and the Birth of the Modern Mind,0.0,In stock,1,History
The Activist's Tao Te Ching: Ancient Advice for a Modern Revolution,0.0,In stock,5,Spirituality
Spark Joy: An Illustrated Master Class on the Art of Organizing and Tidying Up,0.0,In stock,4,Nonfiction
Soul Reader,0.0,In stock,2,Default
Security,0.0,In stock,2,Horror
"Saga, Volume 6 (Saga (Collected Editions) #6)",0.0,In stock,3,Fantasy
"Saga, Volume 5 (Saga (Collected Editions) #5)",0.0,In stock,2,Sequential Art
Reskilling America: Learning to Labor in the Twenty-First Century,0.0,In stock,2,Nonfiction
"Rat Queens, Vol. 3: Demons (Rat Queens (Collected Editions) #11-15)",0.0,In stock,3,Sequential Art
"Princess Jellyfish 2-in-1 Omnibus, Vol. 01 (Princess Jellyfish 2-in-1 Omnibus #1)",0.0,In stock,5,Sequential Art
Princess Between Worlds (Wide-Awake Princess #5),0.0,In stock,5,Fantasy
"Pop Gun War, Volume 1: Gift",0.0,In stock,1,Sequential Art
"Political Suicide: Missteps, Peccadilloes, Bad Calls, Backroom Hijinx, Sordid Pasts, Rotten Breaks, and Just Plain Dumb Mistakes in the Annals of American Politics",0.0,In stock,2,History
Patience,0.0,In stock,3,Sequential Art
"Outcast, Vol. 1: A Darkness Surrounds Him (Outcast #1)",0.0,In stock,4,Sequential Art
orange: The Complete Collection 1 (orange: The Complete Collection #1),0.0,In stock,1,Sequential Art
Online Marketing for Busy Authors: A Step-By-Step Guide,0.0,In stock,1,Self Help
On a Midnight Clear,0.0,In stock,3,Add a comment
Obsidian (Lux #1),0.0,In stock,2,Young Adult
My Paris Kitchen: Recipes and Stories,0.0,In stock,2,Food and Drink
Masks and Shadows,0.0,In stock,2,Fantasy
"Mama Tried: Traditional Italian Cooking for the Screwed, Crude, Vegan, and Tattooed",0.0,In stock,4,Food and Drink
"Lumberjanes, Vol. 2: Friendship to the Max (Lumberjanes #5-8)",0.0,In stock,2,Sequential Art
"Lumberjanes, Vol. 1: Beware the Kitten Holy (Lumberjanes #1-4)",0.0,In stock,3,Sequential Art
Lumberjanes Vol. 3: A Terrible Plan (Lumberjanes #9-12),0.0,In stock,2,Sequential Art
"Layered: Baking, Building, and Styling Spectacular Cakes",0.0,In stock,1,Food and Drink
Judo: Seven Steps to Black Belt (an Introductory Guide for Beginners),0.0,In stock,2,Add a comment
Join,0.0,In stock,5,Science Fiction
In the Country We Love: My Family Divided,0.0,In stock,4,Nonfiction
